Device port / pin,A0,A1,A2,A3,A4,A5,A6,A7,A8,A9,A10,A11,A12,A13,A14,A15,B0,B1,B2,B3,B4,B5,B6,B7,B8,B9,B10,B11,B12,B13,B14,B15,C0,C1,C2,C3,C4,C5,C6,C7,C8,C9,C10,C11,C12,C13,C14,C15,D0,D1,D2,D3,D4,D5,D6,D7,D8,D9,D10,D11,D12,D13,D14,D15,E0,E1,E2,E3,E4,E5,E6,E7,E8,E9,E10,E11,E12,E13,E14,E15,F0,F1,F2,F3,F4,F5,F6,F7,F8,F9,F10,F11,F12,F13,F14,F15,G0,G1,G2,G3,G4,G5,G6,G7,G8,G9,G10,G11,G12,G13,G14,G15,H0,H1,H2,H3,H4,H5,H6,H7,H8,H9,H10,H11,H12,H13,H14,H15,J0,J1,J2,J3,J4,J5,J6,J7,J8,J9,J10,J11,J12,J13,J14,J15,K0,K1,K2,K3,K4,K5,K6,K7,K8,K9,K10,K11,K12,K13,K14,K15
PIC24EP128GP202 PIC24EP128MC202 PIC24EP256GP202 PIC24EP256MC202 PIC24EP32GP202 PIC24EP32MC202 PIC24EP512GP202 PIC24EP512MC202 PIC24EP64GP202 PIC24EP64MC202 dsPIC33EP128GP502 dsPIC33EP128MC202 dsPIC33EP128MC502 dsPIC33EP256GP502 dsPIC33EP256MC202 dsPIC33EP256MC502 dsPIC33EP32GP502 dsPIC33EP32MC202 dsPIC33EP32MC502 dsPIC33EP512GP502 dsPIC33EP512MC202 dsPIC33EP512MC502 dsPIC33EP64GP502 dsPIC33EP64MC202 dsPIC33EP64MC502 RPy,,,,,20,,,,,,,,,,,,32,33,34,35,36,37,38,39,40,41,42,43,44,45,46,47,,,,,,,,,,,,,,,,,,,,,,,,,,,,,,,,,,,,,,,,,,,,,,,,,,,,,,,,,,,,,,,,,,,,,,,,,,,,,,,,,,,,,,,,,,,,,,,,,,,,,,,,,,,,,,,,,,,,,,,,,,,,,,,,
PIC24EP128GP202 PIC24EP128MC202 PIC24EP256GP202 PIC24EP256MC202 PIC24EP32GP202 PIC24EP32MC202 PIC24EP512GP202 PIC24EP512MC202 PIC24EP64GP202 PIC24EP64MC202 dsPIC33EP128GP502 dsPIC33EP128MC202 dsPIC33EP128MC502 dsPIC33EP256GP502 dsPIC33EP256MC202 dsPIC33EP256MC502 dsPIC33EP32GP502 dsPIC33EP32MC202 dsPIC33EP32MC502 dsPIC33EP512GP502 dsPIC33EP512MC202 dsPIC33EP512MC502 dsPIC33EP64GP502 dsPIC33EP64MC202 dsPIC33EP64MC502 ANn,0,1,,,,,,,,,,,,,,,2,3,4,5,,,,,,,,,,,,,,,,,,,,,,,,,,,,,,,,,,,,,,,,,,,,,,,,,,,,,,,,,,,,,,,,,,,,,,,,,,,,,,,,,,,,,,,,,,,,,,,,,,,,,,,,,,,,,,,,,,,,,,,,,,,,,,,,,,,,,,,,,,,,
PIC24EP128GP202 PIC24EP128MC202 PIC24EP256GP202 PIC24EP256MC202 PIC24EP32GP202 PIC24EP32MC202 PIC24EP512GP202 PIC24EP512MC202 PIC24EP64GP202 PIC24EP64MC202 dsPIC33EP128GP502 dsPIC33EP128MC202 dsPIC33EP128MC502 dsPIC33EP256GP502 dsPIC33EP256MC202 dsPIC33EP256MC502 dsPIC33EP32GP502 dsPIC33EP32MC202 dsPIC33EP32MC502 dsPIC33EP512GP502 dsPIC33EP512MC202 dsPIC33EP512MC502 dsPIC33EP64GP502 dsPIC33EP64MC202 dsPIC33EP64MC502 CNm,,,,,,,,,,,,,,,,,,,,,,,,,,,,,,,,,,,,,,,,,,,,,,,,,,,,,,,,,,,,,,,,,,,,,,,,,,,,,,,,,,,,,,,,,,,,,,,,,,,,,,,,,,,,,,,,,,,,,,,,,,,,,,,,,,,,,,,,,,,,,,,,,,,,,,,,,,,,,,,,
PIC24EP128GP204 PIC24EP128MC204 PIC24EP256GP204 PIC24EP256MC204 PIC24EP32GP204 PIC24EP32MC204 PIC24EP512GP204 PIC24EP512MC204 PIC24EP64GP204 PIC24EP64MC204 dsPIC33EP128GP504 dsPIC33EP128MC204 dsPIC33EP128MC504 dsPIC33EP256GP504 dsPIC33EP256MC204 dsPIC33EP256MC504 dsPIC33EP32GP504 dsPIC33EP32MC204 dsPIC33EP32MC504 dsPIC33EP512GP504 dsPIC33EP512MC204 dsPIC33EP512MC504 dsPIC33EP64GP504 dsPIC33EP64MC204 dsPIC33EP64MC504 RPy,,,,,20,,,,24,25,,,,,,,32,33,34,35,36,37,38,39,40,41,42,43,44,45,46,47,,,,51,52,53,54,55,56,57,,,,,,,,,,,,,,,,,,,,,,,,,,,,,,,,,,,,,,,,,,,,,,,,,,,,,,,,,,,,,,,,,,,,,,,,,,,,,,,,,,,,,,,,,,,,,,,,,,,,,,,,,,,,,,,,,,,,,,
PIC24EP128GP204 PIC24EP128MC204 PIC24EP256GP204 PIC24EP256MC204 PIC24EP32GP204 PIC24EP32MC204 PIC24EP512GP204 PIC24EP512MC204 PIC24EP64GP204 PIC24EP64MC204 dsPIC33EP128GP504 dsPIC33EP128MC204 dsPIC33EP128MC504 dsPIC33EP256GP504 dsPIC33EP256MC204 dsPIC33EP256MC504 dsPIC33EP32GP504 dsPIC33EP32MC204 dsPIC33EP32MC504 dsPIC33EP512GP504 dsPIC33EP512MC204 dsPIC33EP512MC504 dsPIC33EP64GP504 dsPIC33EP64MC204 dsPIC33EP64MC504 ANn,0,1,,,,,,,,,,,,,,,2,3,4,5,,,,,,,,,,,,,6,7,8,,,,,,,,,,,,,,,,,,,,,,,,,,,,,,,,,,,,,,,,,,,,,,,,,,,,,,,,,,,,,,,,,,,,,,,,,,,,,,,,,,,,,,,,,,,,,,,,,,,,,,,,,,,,,,,,,,,,,,,,,,,,,
PIC24EP128GP204 PIC24EP128MC204 PIC24EP256GP204 PIC24EP256MC204 PIC24EP32GP204 PIC24EP32MC204 PIC24EP512GP204 PIC24EP512MC204 PIC24EP64GP204 PIC24EP64MC204 dsPIC33EP128GP504 dsPIC33EP128MC204 dsPIC33EP128MC504 dsPIC33EP256GP504 dsPIC33EP256MC204 dsPIC33EP256MC504 dsPIC33EP32GP504 dsPIC33EP32MC204 dsPIC33EP32MC504 dsPIC33EP512GP504 dsPIC33EP512MC204 dsPIC33EP512MC504 dsPIC33EP64GP504 dsPIC33EP64MC204 dsPIC33EP64MC504 CNm,,,,,,,,,,,,,,,,,,,,,,,,,,,,,,,,,,,,,,,,,,,,,,,,,,,,,,,,,,,,,,,,,,,,,,,,,,,,,,,,,,,,,,,,,,,,,,,,,,,,,,,,,,,,,,,,,,,,,,,,,,,,,,,,,,,,,,,,,,,,,,,,,,,,,,,,,,,,,,,,
PIC24EP128GP206 PIC24EP128MC206 PIC24EP256GP206 PIC24EP256MC206 PIC24EP512GP206 PIC24EP512MC206 PIC24EP64GP206 PIC24EP64MC206 dsPIC33EP128GP506 dsPIC33EP128MC206 dsPIC33EP128MC506 dsPIC33EP256GP506 dsPIC33EP256MC206 dsPIC33EP256MC506 dsPIC33EP512GP506 dsPIC33EP512MC206 dsPIC33EP512MC506 dsPIC33EP64GP506 dsPIC33EP64MC206 dsPIC33EP64MC506 RPy,,,,,20,,,,24,25,,27,28,,,,32,33,34,35,36,37,38,39,40,41,42,43,44,45,46,47,,,,51,52,53,54,55,56,57,58,,,,,,,,,,,,,,,,,,,,,,,,,,,,,,,,,,,,94,95,96,97,,,,,,,,,,,,,,,,,,,,,118,119,120,121,,,,,,,,,,,,,,,,,,,,,,,,,,,,,,,,,,,,,,,,,,,,,,,,,,,,,,
PIC24EP128GP206 PIC24EP128MC206 PIC24EP256GP206 PIC24EP256MC206 PIC24EP512GP206 PIC24EP512MC206 PIC24EP64GP206 PIC24EP64MC206 dsPIC33EP128GP506 dsPIC33EP128MC206 dsPIC33EP128MC506 dsPIC33EP256GP506 dsPIC33EP256MC206 dsPIC33EP256MC506 dsPIC33EP512GP506 dsPIC33EP512MC206 dsPIC33EP512MC506 dsPIC33EP64GP506 dsPIC33EP64MC206 dsPIC33EP64MC506 ANn,0,1,,,,,,,,,,9,10,,,,2,3,4,5,,,,,,,,,,,,,6,7,8,,,,,,,,,11,,,,,,,,,,,,,,,,,,,,,,,,,,,,,,,,,12,13,14,15,,,,,,,,,,,,,,,,,,,,,,,,,,,,,,,,,,,,,,,,,,,,,,,,,,,,,,,,,,,,,,,,,,,,,,,,,,,,,,,,
PIC24EP128GP206 PIC24EP128MC206 PIC24EP256GP206 PIC24EP256MC206 PIC24EP512GP206 PIC24EP512MC206 PIC24EP64GP206 PIC24EP64MC206 dsPIC33EP128GP506 dsPIC33EP128MC206 dsPIC33EP128MC506 dsPIC33EP256GP506 dsPIC33EP256MC206 dsPIC33EP256MC506 dsPIC33EP512GP506 dsPIC33EP512MC206 dsPIC33EP512MC506 dsPIC33EP64GP506 dsPIC33EP64MC206 dsPIC33EP64MC506 CNm,,,,,,,,,,,,,,,,,,,,,,,,,,,,,,,,,,,,,,,,,,,,,,,,,,,,,,,,,,,,,,,,,,,,,,,,,,,,,,,,,,,,,,,,,,,,,,,,,,,,,,,,,,,,,,,,,,,,,,,,,,,,,,,,,,,,,,,,,,,,,,,,,,,,,,,,,,,,,,,,
PIC24EP256GU810 PIC24EP512GU810 RPy,16,17,18,19,20,21,22,23,,,,,,,30,31,32,33,34,35,36,37,38,39,40,41,42,43,44,45,46,47,,49,50,51,52,,,,,,,,60,61,62,,64,65,66,67,68,69,70,71,72,73,74,75,76,77,78,79,80,81,82,83,84,85,86,87,88,89,,,,,,,96,97,98,99,100,101,,,,,,,108,109,,,112,113,,,,,118,119,120,121,,,124,125,126,127,,,,,,,,,,,,,,,,,,,,,,,,,,,,,,,,,,,,,,,,,,,,,,,,
PIC24EP256GU810 PIC24EP512GU810 ANn,,,,,,,22,23,,,,,,,,,0,1,2,3,4,5,6,7,8,9,10,11,12,13,14,15,,16,17,18,19,,,,,,,,,,,,,,,,,,,,,,,,,,,,24,25,26,27,28,29,30,31,20,21,,,,,,,,,,,,,,,,,,,,,,,,,,,,,,,,,,,,,,,,,,,,,,,,,,,,,,,,,,,,,,,,,,,,,,,,,,,,,,,,,,,,,,
PIC24EP256GU810 PIC24EP512GU810 CNm,,,,,,,,,,,,,,,,,,,,,,,,,,,,,,,,,,,,,,,,,,,,,,,,,,,,,,,,,,,,,,,,,,,,,,,,,,,,,,,,,,,,,,,,,,,,,,,,,,,,,,,,,,,,,,,,,,,,,,,,,,,,,,,,,,,,,,,,,,,,,,,,,,,,,,,,,,,,,,,,
PIC24EP256GU814 PIC24EP512GU814 dsPIC33EP256MU810 dsPIC33EP256MU814 dsPIC33EP512MU810 dsPIC33EP512MU814 RPy,16,17,18,19,20,21,22,23,,,,,,,30,31,32,33,34,35,36,37,38,39,40,41,42,43,44,45,46,47,,49,50,51,52,,,,,,,,60,61,62,,64,65,66,67,68,69,70,71,72,73,74,75,76,77,78,79,80,81,82,83,84,85,86,87,88,89,,,,,,,96,97,98,99,100,101,,,104,,,,108,109,,,112,113,,,,,118,119,120,121,,,124,125,126,127,,,,,,,,,,,,,,,,,,,,,,,,,,,,,,,,,,,,,,,,,,,,,,,,
PIC24EP256GU814 PIC24EP512GU814 dsPIC33EP256MU810 dsPIC33EP256MU814 dsPIC33EP512MU810 dsPIC33EP512MU814 ANn,,,,,,,22,23,,,,,,,,,0,1,2,3,4,5,6,7,8,9,10,11,12,13,14,15,,16,17,18,19,,,,,,,,,,,,,,,,,,,,,,,,,,,,24,25,26,27,28,29,30,31,20,21,,,,,,,,,,,,,,,,,,,,,,,,,,,,,,,,,,,,,,,,,,,,,,,,,,,,,,,,,,,,,,,,,,,,,,,,,,,,,,,,,,,,,,
PIC24EP256GU814 PIC24EP512GU814 dsPIC33EP256MU810 dsPIC33EP256MU814 dsPIC33EP512MU810 dsPIC33EP512MU814 CNm,,,,,,,,,,,,,,,,,,,,,,,,,,,,,,,,,,,,,,,,,,,,,,,,,,,,,,,,,,,,,,,,,,,,,,,,,,,,,,,,,,,,,,,,,,,,,,,,,,,,,,,,,,,,,,,,,,,,,,,,,,,,,,,,,,,,,,,,,,,,,,,,,,,,,,,,,,,,,,,,
PIC24EP32GP203 PIC24EP32MC203 PIC24EP64GP203 PIC24EP64MC203 dsPIC33EP32GP503 dsPIC33EP32MC203 dsPIC33EP32MC503 dsPIC33EP64GP503 dsPIC33EP64MC203 dsPIC33EP64MC503 RPy,,,,,20,,,,24,,,,,,,,32,33,34,35,36,37,38,39,40,41,42,43,44,45,46,47,,,,,,,,,56,,,,,,,,,,,,,,,,,,,,,,,,,,,,,,,,,,,,,,,,,,,,,,,,,,,,,,,,,,,,,,,,,,,,,,,,,,,,,,,,,,,,,,,,,,,,,,,,,,,,,,,,,,,,,,,,,,,,,,,
PIC24EP32GP203 PIC24EP32MC203 PIC24EP64GP203 PIC24EP64MC203 dsPIC33EP32GP503 dsPIC33EP32MC203 dsPIC33EP32MC503 dsPIC33EP64GP503 dsPIC33EP64MC203 dsPIC33EP64MC503 ANn,0,1,,,,,,,,,,,,,,,2,3,4,5,,,,,,,,,,,,,6,7,,,,,,,,,,,,,,,,,,,,,,,,,,,,,,,,,,,,,,,,,,,,,,,,,,,,,,,,,,,,,,,,,,,,,,,,,,,,,,,,,,,,,,,,,,,,,,,,,,,,,,,,,,,,,,,,,,,,,,,,,,,,,,
PIC24EP32GP203 PIC24EP32MC203 PIC24EP64GP203 PIC24EP64MC203 dsPIC33EP32GP503 dsPIC33EP32MC203 dsPIC33EP32MC503 dsPIC33EP64GP503 dsPIC33EP64MC203 dsPIC33EP64MC503 CNm,,,,,,,,,,,,,,,,,,,,,,,,,,,,,,,,,,,,,,,,,,,,,,,,,,,,,,,,,,,,,,,,,,,,,,,,,,,,,,,,,,,,,,,,,,,,,,,,,,,,,,,,,,,,,,,,,,,,,,,,,,,,,,,,,,,,,,,,,,,,,,,,,,,,,,,,,,,,,,,,
PIC24EP512GP806 dsPIC33EP512GP806 dsPIC33EP512MC806 RPy,,,,,,,,,,,,,,,,,32,33,34,35,36,37,38,39,40,41,42,43,44,45,46,47,,,,,,,,,,,,,60,61,62,,64,65,66,67,68,69,70,71,72,73,74,75,,,,,80,81,82,83,84,85,86,87,,,,,,,,,96,97,98,99,100,101,102,,,,,,,,,,,,,,,,118,119,120,121,,,,,,,,,,,,,,,,,,,,,,,,,,,,,,,,,,,,,,,,,,,,,,,,,,,,,,
PIC24EP512GP806 dsPIC33EP512GP806 dsPIC33EP512MC806 ANn,,,,,,,,,,,,,,,,,0,1,2,3,4,5,6,7,8,9,10,11,12,13,14,15,,,,,,,,,,,,,,,,,,,,,,,,,,,,,,,,,24,25,26,27,28,29,30,31,,,,,,,,,,,,,,,,,,,,,,,,,,,,,,,,,,,,,,,,,,,,,,,,,,,,,,,,,,,,,,,,,,,,,,,,,,,,,,,,,,,,,,,,
PIC24EP512GP806 dsPIC33EP512GP806 dsPIC33EP512MC806 CNm,,,,,,,,,,,,,,,,,,,,,,,,,,,,,,,,,,,,,,,,,,,,,,,,,,,,,,,,,,,,,,,,,,,,,,,,,,,,,,,,,,,,,,,,,,,,,,,,,,,,,,,,,,,,,,,,,,,,,,,,,,,,,,,,,,,,,,,,,,,,,,,,,,,,,,,,,,,,,,,,
PIC24F04KL100 PIC24F08KL200 RPy,,,,,,,,,,,,,,,,,,,,,,,,,,,,,,,,,,,,,,,,,,,,,,,,,,,,,,,,,,,,,,,,,,,,,,,,,,,,,,,,,,,,,,,,,,,,,,,,,,,,,,,,,,,,,,,,,,,,,,,,,,,,,,,,,,,,,,,,,,,,,,,,,,,,,,,,,,,,,,,,
PIC24F04KL100 PIC24F08KL200 ANn,0,1,13,14,,,,,,,,,,,,,,,,,15,,,,,,,,,,10,9,,,,,,,,,,,,,,,,,,,,,,,,,,,,,,,,,,,,,,,,,,,,,,,,,,,,,,,,,,,,,,,,,,,,,,,,,,,,,,,,,,,,,,,,,,,,,,,,,,,,,,,,,,,,,,,,,,,,,,,,,,,,,,,,
PIC24F04KL100 PIC24F08KL200 CNm,2,3,30,29,0,,8,,,,,,,,,,,,,,1,,,,22,21,,,,,12,11,,,,,,,,,,,,,,,,,,,,,,,,,,,,,,,,,,,,,,,,,,,,,,,,,,,,,,,,,,,,,,,,,,,,,,,,,,,,,,,,,,,,,,,,,,,,,,,,,,,,,,,,,,,,,,,,,,,,,,,,,,,,,,,,
PIC24F04KL101 PIC24F08KL201 PIC24F08KL301 PIC24F08KL401 PIC24F16KA301 PIC24F16KL401 PIC24F32KA301 RPy,,,,,,,,,,,,,,,,,,,,,,,,,,,,,,,,,,,,,,,,,,,,,,,,,,,,,,,,,,,,,,,,,,,,,,,,,,,,,,,,,,,,,,,,,,,,,,,,,,,,,,,,,,,,,,,,,,,,,,,,,,,,,,,,,,,,,,,,,,,,,,,,,,,,,,,,,,,,,,,,
PIC24F04KL101 PIC24F08KL201 PIC24F08KL301 PIC24F08KL401 PIC24F16KA301 PIC24F16KL401 PIC24F32KA301 ANn,0,1,13,14,,,,,,,,,,,,,2,3,4,,15,,,,,,,,12,11,10,9,,,,,,,,,,,,,,,,,,,,,,,,,,,,,,,,,,,,,,,,,,,,,,,,,,,,,,,,,,,,,,,,,,,,,,,,,,,,,,,,,,,,,,,,,,,,,,,,,,,,,,,,,,,,,,,,,,,,,,,,,,,,,,,,
PIC24F04KL101 PIC24F08KL201 PIC24F08KL301 PIC24F08KL401 PIC24F16KA301 PIC24F16KL401 PIC24F32KA301 CNm,2,3,30,29,0,,8,,,,,,,,,,4,5,6,,1,,,23,22,21,,,14,13,12,11,,,,,,,,,,,,,,,,,,,,,,,,,,,,,,,,,,,,,,,,,,,,,,,,,,,,,,,,,,,,,,,,,,,,,,,,,,,,,,,,,,,,,,,,,,,,,,,,,,,,,,,,,,,,,,,,,,,,,,,,,,,,,,,,
PIC24F08KA101 PIC24F16KA101 RPy,,,,,,,,,,,,,,,,,,,,,,,,,,,,,,,,,,,,,,,,,,,,,,,,,,,,,,,,,,,,,,,,,,,,,,,,,,,,,,,,,,,,,,,,,,,,,,,,,,,,,,,,,,,,,,,,,,,,,,,,,,,,,,,,,,,,,,,,,,,,,,,,,,,,,,,,,,,,,,,,
PIC24F08KA101 PIC24F16KA101 ANn,0,1,4,5,,,,,,,,,,,,,2,3,,,,,,,,,,,12,11,10,,,,,,,,,,,,,,,,,,,,,,,,,,,,,,,,,,,,,,,,,,,,,,,,,,,,,,,,,,,,,,,,,,,,,,,,,,,,,,,,,,,,,,,,,,,,,,,,,,,,,,,,,,,,,,,,,,,,,,,,,,,,,,,,,
PIC24F08KA101 PIC24F16KA101 CNm,2,3,30,29,0,,8,,,,,,,,,,4,5,6,,1,,,23,22,21,,,14,13,12,11,,,,,,,,,,,,,,,,,,,,,,,,,,,,,,,,,,,,,,,,,,,,,,,,,,,,,,,,,,,,,,,,,,,,,,,,,,,,,,,,,,,,,,,,,,,,,,,,,,,,,,,,,,,,,,,,,,,,,,,,,,,,,,,,
PIC24F08KA102 PIC24F16KA102 RPy,,,,,,,,,,,,,,,,,,,,,,,,,,,,,,,,,,,,,,,,,,,,,,,,,,,,,,,,,,,,,,,,,,,,,,,,,,,,,,,,,,,,,,,,,,,,,,,,,,,,,,,,,,,,,,,,,,,,,,,,,,,,,,,,,,,,,,,,,,,,,,,,,,,,,,,,,,,,,,,,
PIC24F08KA102 PIC24F16KA102 ANn,0,1,,,,,,,,,,,,,,,2,3,4,5,,,,,,,,,12,11,10,,,,,,,,,,,,,,,,,,,,,,,,,,,,,,,,,,,,,,,,,,,,,,,,,,,,,,,,,,,,,,,,,,,,,,,,,,,,,,,,,,,,,,,,,,,,,,,,,,,,,,,,,,,,,,,,,,,,,,,,,,,,,,,,,
PIC24F08KA102 PIC24F16KA102 CNm,2,3,30,29,0,,8,9,,,,,,,,,4,5,6,7,1,27,24,23,22,21,16,15,14,13,12,11,,,,,,,,,,,,,,,,,,,,,,,,,,,,,,,,,,,,,,,,,,,,,,,,,,,,,,,,,,,,,,,,,,,,,,,,,,,,,,,,,,,,,,,,,,,,,,,,,,,,,,,,,,,,,,,,,,,,,,,,,,,,,,,,
PIC24F08KL302 PIC24F08KL402 PIC24F16KL402 RPy,,,,,,,,,,,,,,,,,,,,,,,,,,,,,,,,,,,,,,,,,,,,,,,,,,,,,,,,,,,,,,,,,,,,,,,,,,,,,,,,,,,,,,,,,,,,,,,,,,,,,,,,,,,,,,,,,,,,,,,,,,,,,,,,,,,,,,,,,,,,,,,,,,,,,,,,,,,,,,,,
PIC24F08KL302 PIC24F08KL402 PIC24F16KL402 ANn,0,1,13,14,,,,,,,,,,,,,2,3,4,,15,,,,,,,,12,11,10,9,,,,,,,,,,,,,,,,,,,,,,,,,,,,,,,,,,,,,,,,,,,,,,,,,,,,,,,,,,,,,,,,,,,,,,,,,,,,,,,,,,,,,,,,,,,,,,,,,,,,,,,,,,,,,,,,,,,,,,,,,,,,,,,,
PIC24F08KL302 PIC24F08KL402 PIC24F16KL402 CNm,2,3,30,29,0,,8,9,,,,,,,,,4,5,6,7,1,,24,23,22,21,16,15,14,13,12,11,,,,,,,,,,,,,,,,,,,,,,,,,,,,,,,,,,,,,,,,,,,,,,,,,,,,,,,,,,,,,,,,,,,,,,,,,,,,,,,,,,,,,,,,,,,,,,,,,,,,,,,,,,,,,,,,,,,,,,,,,,,,,,,,
PIC24F08KM101 RPy,,,,,,,,,,,,,,,,,,,,,,,,,,,,,,,,,,,,,,,,,,,,,,,,,,,,,,,,,,,,,,,,,,,,,,,,,,,,,,,,,,,,,,,,,,,,,,,,,,,,,,,,,,,,,,,,,,,,,,,,,,,,,,,,,,,,,,,,,,,,,,,,,,,,,,,,,,,,,,,,
PIC24F08KM101 ANn,0,1,13,14,16,,,,,,,,,,,,2,3,4,,15,,,19,20,21,,,12,11,10,9,,,,,,,,,,,,,,,,,,,,,,,,,,,,,,,,,,,,,,,,,,,,,,,,,,,,,,,,,,,,,,,,,,,,,,,,,,,,,,,,,,,,,,,,,,,,,,,,,,,,,,,,,,,,,,,,,,,,,,,,,,,,,,,,
PIC24F08KM101 CNm,2,3,30,29,0,,8,,,,,,,,,,4,5,6,,1,,,23,22,21,,,14,13,12,11,,,,,,,,,,,,,,,,,,,,,,,,,,,,,,,,,,,,,,,,,,,,,,,,,,,,,,,,,,,,,,,,,,,,,,,,,,,,,,,,,,,,,,,,,,,,,,,,,,,,,,,,,,,,,,,,,,,,,,,,,,,,,,,,
PIC24F08KM102 PIC24F08KM202 PIC24F16KM102 PIC24F16KM202 PIC24F16KMX02 RPy,,,,,,,,,,,,,,,,,,,,,,,,,,,,,,,,,,,,,,,,,,,,,,,,,,,,,,,,,,,,,,,,,,,,,,,,,,,,,,,,,,,,,,,,,,,,,,,,,,,,,,,,,,,,,,,,,,,,,,,,,,,,,,,,,,,,,,,,,,,,,,,,,,,,,,,,,,,,,,,,
PIC24F08KM102 PIC24F08KM202 PIC24F16KM102 PIC24F16KM202 PIC24F16KMX02 ANn,0,1,13,14,16,,,,,,,,,,,,2,3,4,5,15,17,18,19,20,21,,,12,11,10,9,,,,,,,,,,,,,,,,,,,,,,,,,,,,,,,,,,,,,,,,,,,,,,,,,,,,,,,,,,,,,,,,,,,,,,,,,,,,,,,,,,,,,,,,,,,,,,,,,,,,,,,,,,,,,,,,,,,,,,,,,,,,,,,,
PIC24F08KM102 PIC24F08KM202 PIC24F16KM102 PIC24F16KM202 PIC24F16KMX02 CNm,2,3,30,29,0,,8,9,,,,,,,,,4,5,6,7,1,27,24,23,22,21,16,15,14,13,12,11,,,,,,,,,,,,,,,,,,,,,,,,,,,,,,,,,,,,,,,,,,,,,,,,,,,,,,,,,,,,,,,,,,,,,,,,,,,,,,,,,,,,,,,,,,,,,,,,,,,,,,,,,,,,,,,,,,,,,,,,,,,,,,,,
PIC24F08KM204 PIC24F16KM104 PIC24F16KM204 RPy,,,,,,,,,,,,,,,,,,,,,,,,,,,,,,,,,,,,,,,,,,,,,,,,,,,,,,,,,,,,,,,,,,,,,,,,,,,,,,,,,,,,,,,,,,,,,,,,,,,,,,,,,,,,,,,,,,,,,,,,,,,,,,,,,,,,,,,,,,,,,,,,,,,,,,,,,,,,,,,,
PIC24F08KM204 PIC24F16KM104 PIC24F16KM204 ANn,,1,13,14,16,,,,,,,,,,,,2,,4,5,15,17,18,19,20,21,,,,11,,9,6,7,8,,,,,,,,,,,,,,,,,,,,,,,,,,,,,,,,,,,,,,,,,,,,,,,,,,,,,,,,,,,,,,,,,,,,,,,,,,,,,,,,,,,,,,,,,,,,,,,,,,,,,,,,,,,,,,,,,,,,,,,,,,,,,
PIC24F08KM204 PIC24F16KM104 PIC24F16KM204 CNm,2,3,30,29,0,,8,9,33,34,35,36,,,,,4,5,6,7,1,27,24,23,22,21,16,15,14,13,,11,32,31,10,28,25,26,18,17,20,19,,,,,,,,,,,,,,,,,,,,,,,,,,,,,,,,,,,,,,,,,,,,,,,,,,,,,,,,,,,,,,,,,,,,,,,,,,,,,,,,,,,,,,,,,,,,,,,,,,,,,,,,,,,,,,,,,,,,,,
PIC24F16KA302 PIC24F32KA302 RPy,,,,,,,,,,,,,,,,,,,,,,,,,,,,,,,,,,,,,,,,,,,,,,,,,,,,,,,,,,,,,,,,,,,,,,,,,,,,,,,,,,,,,,,,,,,,,,,,,,,,,,,,,,,,,,,,,,,,,,,,,,,,,,,,,,,,,,,,,,,,,,,,,,,,,,,,,,,,,,,,
PIC24F16KA302 PIC24F32KA302 ANn,0,1,13,14,,,,,,,,,,,,,2,3,4,5,15,,,,,,,,12,11,10,9,,,,,,,,,,,,,,,,,,,,,,,,,,,,,,,,,,,,,,,,,,,,,,,,,,,,,,,,,,,,,,,,,,,,,,,,,,,,,,,,,,,,,,,,,,,,,,,,,,,,,,,,,,,,,,,,,,,,,,,,,,,,,,,,
PIC24F16KA302 PIC24F32KA302 CNm,2,3,30,29,0,,8,9,,,,,,,,,4,5,6,7,1,27,24,23,22,21,16,15,14,13,12,11,,,,,,,,,,,,,,,,,,,,,,,,,,,,,,,,,,,,,,,,,,,,,,,,,,,,,,,,,,,,,,,,,,,,,,,,,,,,,,,,,,,,,,,,,,,,,,,,,,,,,,,,,,,,,,,,,,,,,,,,,,,,,,,,
PIC24F16KA304 PIC24F32KA304 RPy,,,,,,,,,,,,,,,,,,,,,,,,,,,,,,,,,,,,,,,,,,,,,,,,,,,,,,,,,,,,,,,,,,,,,,,,,,,,,,,,,,,,,,,,,,,,,,,,,,,,,,,,,,,,,,,,,,,,,,,,,,,,,,,,,,,,,,,,,,,,,,,,,,,,,,,,,,,,,,,,
PIC24F16KA304 PIC24F32KA304 ANn,0,1,13,14,,,,,,,,,,,,,2,3,4,5,15,,,,,,,,12,11,10,9,6,7,8,,,,,,,,,,,,,,,,,,,,,,,,,,,,,,,,,,,,,,,,,,,,,,,,,,,,,,,,,,,,,,,,,,,,,,,,,,,,,,,,,,,,,,,,,,,,,,,,,,,,,,,,,,,,,,,,,,,,,,,,,,,,,
PIC24F16KA304 PIC24F32KA304 CNm,2,3,30,29,0,,8,9,33,34,35,36,,,,,4,5,6,7,1,27,24,23,22,21,16,15,14,13,12,11,32,31,10,28,25,26,18,17,20,19,,,,,,,,,,,,,,,,,,,,,,,,,,,,,,,,,,,,,,,,,,,,,,,,,,,,,,,,,,,,,,,,,,,,,,,,,,,,,,,,,,,,,,,,,,,,,,,,,,,,,,,,,,,,,,,,,,,,,,
PIC24FJ128DA106 PIC24FJ128DA206 PIC24FJ128GB206 PIC24FJ256DA106 PIC24FJ256DA206 PIC24FJ256GB206 RPy,,,,,,,,,,,,,,,,,0,1,13,,28,18,6,7,8,9,,,,,14,29,,,,,,,,,,,,,,,37,,11,24,23,22,25,20,,,2,4,3,12,,,,,,,,,,,,,,,,,,,,,,,,16,10,17,,,,,,,,,,,,,,,,,21,26,19,27,,,,,,,,,,,,,,,,,,,,,,,,,,,,,,,,,,,,,,,,,,,,,,,,,,,,,,
PIC24FJ128DA106 PIC24FJ128DA206 PIC24FJ128GB206 PIC24FJ256DA106 PIC24FJ256DA206 PIC24FJ256GB206 ANn,,,,,,,,,,,,,,,,,0,1,2,3,4,5,6,7,8,9,10,11,12,13,14,15,,,,,,,,,,,,,,,,,,,,,,,,,,,,,,,,,,,,,,,,,,,,,,,,,,,,,,,,,,,,,,,,,,,,,,,,,,,,,,,,,,,,,,,,,,,,,,,,,,,,,,,,,,,,,,,,,,,,,,,,,,,,,,,,
PIC24FJ128DA106 PIC24FJ128DA206 PIC24FJ128GB206 PIC24FJ256DA106 PIC24FJ256DA206 PIC24FJ256GB206 CNm,,,,,,,,,,,,,,,,,2,3,4,5,6,7,24,25,26,27,28,29,30,31,32,12,,,,,,,,,,,,,23,1,0,22,49,50,51,52,13,14,15,16,53,54,55,56,,,,,58,59,60,61,62,63,64,65,,,,,,,,,68,69,,71,17,18,,,,,,,,,,,,,83,84,,,8,9,10,11,,,,,,,,,,,,,,,,,,,,,,,,,,,,,,,,,,,,,,,,,,,,,,,,,,,,,,
PIC24FJ128DA110 PIC24FJ128DA210 PIC24FJ128GB210 PIC24FJ256DA110 PIC24FJ256DA210 PIC24FJ256GB210 RPy,,,,,,,,,,,,,,,36,35,0,1,13,,28,18,6,7,8,9,,,,,14,29,,38,39,40,41,,,,,,,,,,37,,11,24,23,22,25,20,,,2,4,3,12,42,,43,5,,,,,,,,,33,34,,,,,,,,,30,16,10,17,,,15,,,,32,31,,,,,,,,,21,26,19,27,,,,,,,,,,,,,,,,,,,,,,,,,,,,,,,,,,,,,,,,,,,,,,,,,,,,,,
PIC24FJ128DA110 PIC24FJ128DA210 PIC24FJ128GB210 PIC24FJ256DA110 PIC24FJ256DA210 PIC24FJ256GB210 ANn,,,,,,,23,22,,,,,,,,,0,1,2,3,4,5,6,7,8,9,10,11,12,13,14,15,,,,,16,,,,,,,,,,,,,,,,,,,,,,,,,,,,,,,,,,,,,21,,,,,,,,,,,,,,,,,,,,,,,,,,,,,17,18,19,20,,,,,,,,,,,,,,,,,,,,,,,,,,,,,,,,,,,,,,,,,,,,,,,,,,,,,,
PIC24FJ128DA110 PIC24FJ128DA210 PIC24FJ128GB210 PIC24FJ256DA110 PIC24FJ256DA210 PIC24FJ256GB210 CNm,33,34,35,36,37,38,39,40,,41,42,,,,43,44,2,3,4,5,6,7,24,25,26,27,28,29,30,31,32,12,,45,46,47,48,,,,,,,,23,1,0,22,49,50,51,52,13,14,15,16,53,54,55,56,57,19,20,21,58,59,60,61,62,63,64,65,66,67,,,,,,,68,69,70,71,17,18,,73,74,,,,75,76,,,77,78,83,84,,,8,9,10,11,,,79,80,81,82,,,,,,,,,,,,,,,,,,,,,,,,,,,,,,,,,,,,,,,,,,,,,,,,
PIC24FJ128GA006 PIC24FJ64GA006 PIC24FJ96GA006 RPy,,,,,,,,,,,,,,,,,,,,,,,,,,,,,,,,,,,,,,,,,,,,,,,,,,,,,,,,,,,,,,,,,,,,,,,,,,,,,,,,,,,,,,,,,,,,,,,,,,,,,,,,,,,,,,,,,,,,,,,,,,,,,,,,,,,,,,,,,,,,,,,,,,,,,,,,,,,,,,,,
PIC24FJ128GA006 PIC24FJ64GA006 PIC24FJ96GA006 ANn,,,,,,,,,,,,,,,,,0,1,2,3,4,5,6,7,8,9,10,11,12,13,14,15,,,,,,,,,,,,,,,,,,,,,,,,,,,,,,,,,,,,,,,,,,,,,,,,,,,,,,,,,,,,,,,,,,,,,,,,,,,,,,,,,,,,,,,,,,,,,,,,,,,,,,,,,,,,,,,,,,,,,,,,,,,,,,,,
PIC24FJ128GA006 PIC24FJ64GA006 PIC24FJ96GA006 CNm,,,,,,,,,,,,,,,,,2,3,4,5,6,7,,,,,,,,,,12,,,,,,,,,,,,,,1,0,,,,,,13,14,15,16,,,,,,,,,,,,,,,,,,,,,,,,,,,,,17,18,,,,,,,,,,,,,,,,,8,9,10,11,,,,,,,,,,,,,,,,,,,,,,,,,,,,,,,,,,,,,,,,,,,,,,,,,,,,,,
PIC24FJ128GA008 PIC24FJ128GA010 PIC24FJ64GA008 PIC24FJ64GA010 PIC24FJ96GA008 PIC24FJ96GA010 RPy,,,,,,,,,,,,,,,,,,,,,,,,,,,,,,,,,,,,,,,,,,,,,,,,,,,,,,,,,,,,,,,,,,,,,,,,,,,,,,,,,,,,,,,,,,,,,,,,,,,,,,,,,,,,,,,,,,,,,,,,,,,,,,,,,,,,,,,,,,,,,,,,,,,,,,,,,,,,,,,,
PIC24FJ128GA008 PIC24FJ128GA010 PIC24FJ64GA008 PIC24FJ64GA010 PIC24FJ96GA008 PIC24FJ96GA010 ANn,,,,,,,,,,,,,,,,,0,1,2,3,4,5,6,7,8,9,10,11,12,13,14,15,,,,,,,,,,,,,,,,,,,,,,,,,,,,,,,,,,,,,,,,,,,,,,,,,,,,,,,,,,,,,,,,,,,,,,,,,,,,,,,,,,,,,,,,,,,,,,,,,,,,,,,,,,,,,,,,,,,,,,,,,,,,,,,,
PIC24FJ128GA008 PIC24FJ128GA010 PIC24FJ64GA008 PIC24FJ64GA010 PIC24FJ96GA008 PIC24FJ96GA010 CNm,,,,,,,,,,,,,,,,,2,3,4,5,6,7,,,,,,,,,,12,,,,,,,,,,,,,,1,0,,,,,,13,14,15,16,,,,,,19,20,21,,,,,,,,,,,,,,,,,,,,,17,18,,,,,,,,,,,,,,,,,8,9,10,11,,,,,,,,,,,,,,,,,,,,,,,,,,,,,,,,,,,,,,,,,,,,,,,,,,,,,,
PIC24FJ128GA110 PIC24FJ192GA110 PIC24FJ256GA110 PIC24FJ64GA110 RPy,,,,,,,,,,,,,,,36,35,0,1,13,,28,18,6,7,8,9,,,,,14,29,,38,39,40,41,,,,,,,,,,37,,11,24,23,22,25,20,,,2,4,3,12,42,,43,5,,,,,,,,,33,34,,,,,,,,,30,16,10,17,45,44,15,,,,32,31,,,,,,,,,21,26,19,27,,,,,,,,,,,,,,,,,,,,,,,,,,,,,,,,,,,,,,,,,,,,,,,,,,,,,,
PIC24FJ128GA110 PIC24FJ192GA110 PIC24FJ256GA110 PIC24FJ64GA110 ANn,,,,,,,,,,,,,,,,,0,1,2,3,4,5,6,7,8,9,10,11,12,13,14,15,,,,,,,,,,,,,,,,,,,,,,,,,,,,,,,,,,,,,,,,,,,,,,,,,,,,,,,,,,,,,,,,,,,,,,,,,,,,,,,,,,,,,,,,,,,,,,,,,,,,,,,,,,,,,,,,,,,,,,,,,,,,,,,,
PIC24FJ128GA110 PIC24FJ192GA110 PIC24FJ256GA110 PIC24FJ64GA110 CNm,33,34,35,36,37,38,39,40,,41,42,,,,43,44,2,3,4,5,6,7,24,25,26,27,28,29,30,31,32,12,,45,46,47,48,,,,,,,,23,1,0,22,49,50,51,52,13,14,15,16,53,54,55,56,57,19,20,21,58,59,60,61,62,63,64,65,66,67,,,,,,,68,69,70,71,17,18,72,73,74,,,,75,76,,,77,78,83,84,,,8,9,10,11,,,79,80,81,82,,,,,,,,,,,,,,,,,,,,,,,,,,,,,,,,,,,,,,,,,,,,,,,,
PIC24FJ128GA306 PIC24FJ64GA306 RPy,,,,,,,,,,,,,,,,,0,1,13,,28,18,6,7,8,9,,,,,14,29,,,,,,,,,,,,,,,37,,11,24,23,22,25,20,,,2,4,3,12,,,,,,,,,,,,,,,,,,,,,,,30,16,10,17,,,,,,,,,,,,,,,,,21,26,19,27,,,,,,,,,,,,,,,,,,,,,,,,,,,,,,,,,,,,,,,,,,,,,,,,,,,,,,
PIC24FJ128GA306 PIC24FJ64GA306 ANn,,,,,,,,,,,,,,,,,0,1,2,3,4,5,6,7,8,9,10,11,12,13,14,15,,,,,,,,,,,,,,,,,,,,,,,,,,,,,,,,,,,,,,,,,,,,,,,,,,,,,,,,,,,,,,,,,,,,,,,,,,,,,,,,,,,,,,,,,,,,,,,,,,,,,,,,,,,,,,,,,,,,,,,,,,,,,,,,
PIC24FJ128GA306 PIC24FJ64GA306 CNm,,,,,,,,,,,,,,,,,2,3,4,5,6,7,24,25,26,27,28,29,30,31,32,12,,,,,,,,,,,,,23,,,22,49,50,51,52,13,14,15,16,53,54,55,56,,,,,58,59,60,61,62,63,64,65,,,,,,,,,68,69,70,71,17,18,84,,,,,,,,,,,,72,73,,,8,9,10,11,,,,,,,,,,,,,,,,,,,,,,,,,,,,,,,,,,,,,,,,,,,,,,,,,,,,,,
PIC24FJ128GA308 PIC24FJ64GA308 RPy,,,,,,,,,,,,,,,36,35,0,1,13,,28,18,6,7,8,9,,,,,14,29,,38,,40,,,,,,,,,,,37,,11,24,23,22,25,20,,,2,4,3,12,42,,43,5,,,,,,,,,33,34,,,,,,,,,30,16,10,17,,,15,,,,,,,,,,,,,,21,26,19,27,,,,,,,,,,,,,,,,,,,,,,,,,,,,,,,,,,,,,,,,,,,,,,,,,,,,,,
PIC24FJ128GA308 PIC24FJ64GA308 ANn,,,,,,,,,,,,,,,,,0,1,2,3,4,5,6,7,8,9,10,11,12,13,14,15,,,,,,,,,,,,,,,,,,,,,,,,,,,,,,,,,,,,,,,,,,,,,,,,,,,,,,,,,,,,,,,,,,,,,,,,,,,,,,,,,,,,,,,,,,,,,,,,,,,,,,,,,,,,,,,,,,,,,,,,,,,,,,,,
PIC24FJ128GA308 PIC24FJ64GA308 CNm,,,,,,,,,,41,42,,,,43,44,2,3,4,5,6,7,24,25,26,27,28,29,30,31,32,12,,45,,47,,,,,,,,,23,,,22,49,50,51,52,13,14,15,16,53,54,55,56,57,19,20,21,58,59,60,61,62,63,64,65,66,67,,,,,,,68,69,70,71,17,18,84,83,74,,,,,,,,77,78,72,73,,,8,9,10,11,,,,,,,,,,,,,,,,,,,,,,,,,,,,,,,,,,,,,,,,,,,,,,,,,,,,,,
PIC24FJ128GA310 PIC24FJ64GA310 RPy,,,,,,,,,,,,,,,36,35,0,1,13,,28,18,6,7,8,9,,,,,14,29,,38,39,40,41,,,,,,,,,,37,,11,24,23,22,25,20,,,2,4,3,12,42,,43,5,,,,,,,,,33,34,,,,,,,,,30,16,10,17,,,15,,,,32,31,,,,,,,,,21,26,19,27,,,,,,,,,,,,,,,,,,,,,,,,,,,,,,,,,,,,,,,,,,,,,,,,,,,,,,
PIC24FJ128GA310 PIC24FJ64GA310 ANn,,,,,,,23,22,,,,,,,,,0,1,2,3,4,5,6,7,8,9,10,11,12,13,14,15,,,,,16,,,,,,,,,,,,,,,,,,,,,,,,,,,,,,,,,,,,,21,,,,,,,,,,,,,,,,,,,,,,,,,,,,,17,18,19,20,,,,,,,,,,,,,,,,,,,,,,,,,,,,,,,,,,,,,,,,,,,,,,,,,,,,,,
PIC24FJ128GA310 PIC24FJ64GA310 CNm,33,34,35,36,37,38,39,40,,41,42,,,,43,44,2,3,4,5,6,7,24,25,26,27,28,29,30,31,32,12,,45,46,47,48,,,,,,,,23,,,22,49,50,51,52,13,14,15,16,53,54,55,56,57,19,20,21,58,59,60,61,62,63,64,65,66,67,,,,,,,68,69,70,71,17,18,84,83,74,,,,75,76,,,77,78,72,73,,,8,9,10,11,,,79,80,81,82,,,,,,,,,,,,,,,,,,,,,,,,,,,,,,,,,,,,,,,,,,,,,,,,
PIC24FJ128GB106 PIC24FJ192GB106 PIC24FJ256GB106 PIC24FJ64GB106 RPy,,,,,,,,,,,,,,,,,0,1,13,,28,18,6,7,8,9,,,,,14,29,,,,,,,,,,,,,,,37,,11,24,23,22,25,20,,,2,4,3,12,,,,,,,,,,,,,,,,,,,,,,,,16,10,17,,,,,,,,,,,,,,,,,21,26,19,27,,,,,,,,,,,,,,,,,,,,,,,,,,,,,,,,,,,,,,,,,,,,,,,,,,,,,,
PIC24FJ128GB106 PIC24FJ192GB106 PIC24FJ256GB106 PIC24FJ64GB106 ANn,,,,,,,,,,,,,,,,,0,1,2,3,4,5,6,7,8,9,10,11,12,13,14,15,,,,,,,,,,,,,,,,,,,,,,,,,,,,,,,,,,,,,,,,,,,,,,,,,,,,,,,,,,,,,,,,,,,,,,,,,,,,,,,,,,,,,,,,,,,,,,,,,,,,,,,,,,,,,,,,,,,,,,,,,,,,,,,,
PIC24FJ128GB106 PIC24FJ192GB106 PIC24FJ256GB106 PIC24FJ64GB106 CNm,,,,,,,,,,,,,,,,,2,3,4,5,6,7,24,25,26,27,28,29,30,31,32,12,,,,,,,,,,,,,23,1,0,22,49,50,51,52,13,14,15,16,53,54,55,56,,,,,58,59,60,61,62,63,64,65,,,,,,,,,68,69,,71,17,18,,,,,,,,,,,,,,,,,8,9,10,11,,,,,,,,,,,,,,,,,,,,,,,,,,,,,,,,,,,,,,,,,,,,,,,,,,,,,,
PIC24FJ128GB108 PIC24FJ192GB108 PIC24FJ256GB108 PIC24FJ64GB108 RPy,,,,,,,,,,,,,,,36,35,0,1,13,,28,18,6,7,8,9,,,,,14,29,,38,,40,,,,,,,,,,,37,,11,24,23,22,25,20,,,2,4,3,12,42,,43,5,,,,,,,,,33,34,,,,,,,,,30,16,10,17,,,15,,,,,,,,,,,,,,21,26,19,27,,,,,,,,,,,,,,,,,,,,,,,,,,,,,,,,,,,,,,,,,,,,,,,,,,,,,,
PIC24FJ128GB108 PIC24FJ192GB108 PIC24FJ256GB108 PIC24FJ64GB108 ANn,,,,,,,,,,,,,,,,,0,1,2,3,4,5,6,7,8,9,10,11,12,13,14,15,,,,,,,,,,,,,,,,,,,,,,,,,,,,,,,,,,,,,,,,,,,,,,,,,,,,,,,,,,,,,,,,,,,,,,,,,,,,,,,,,,,,,,,,,,,,,,,,,,,,,,,,,,,,,,,,,,,,,,,,,,,,,,,,
PIC24FJ128GB108 PIC24FJ192GB108 PIC24FJ256GB108 PIC24FJ64GB108 CNm,,,,,,,,,,41,42,,,,43,44,2,3,4,5,6,7,24,25,26,27,28,29,30,31,32,12,,45,,47,,,,,,,,,23,1,0,22,49,50,51,52,13,14,15,16,53,54,55,56,57,19,20,21,58,59,60,61,62,63,64,65,66,67,,,,,,,68,69,70,71,17,18,,,74,,,,,,,,77,78,,,,,8,9,10,11,,,,,,,,,,,,,,,,,,,,,,,,,,,,,,,,,,,,,,,,,,,,,,,,,,,,,,
PIC24FJ128GB110 PIC24FJ192GB110 PIC24FJ256GB110 PIC24FJ64GB110 RPy,,,,,,,,,,,,,,,36,35,0,1,13,,28,18,6,7,8,9,,,,,14,29,,38,39,40,41,,,,,,,,,,37,,11,24,23,22,25,20,,,2,4,3,12,42,,43,5,,,,,,,,,33,34,,,,,,,,,30,16,10,17,,,15,,,,32,31,,,,,,,,,21,26,19,27,,,,,,,,,,,,,,,,,,,,,,,,,,,,,,,,,,,,,,,,,,,,,,,,,,,,,,
PIC24FJ128GB110 PIC24FJ192GB110 PIC24FJ256GB110 PIC24FJ64GB110 ANn,,,,,,,,,,,,,,,,,0,1,2,3,4,5,6,7,8,9,10,11,12,13,14,15,,,,,,,,,,,,,,,,,,,,,,,,,,,,,,,,,,,,,,,,,,,,,,,,,,,,,,,,,,,,,,,,,,,,,,,,,,,,,,,,,,,,,,,,,,,,,,,,,,,,,,,,,,,,,,,,,,,,,,,,,,,,,,,,
PIC24FJ128GB110 PIC24FJ192GB110 PIC24FJ256GB110 PIC24FJ64GB110 CNm,33,34,35,36,37,38,39,40,,41,42,,,,43,44,2,3,4,5,6,7,24,25,26,27,28,29,30,31,32,12,,45,46,47,48,,,,,,,,23,1,0,22,49,50,51,52,13,14,15,16,53,54,55,56,57,19,20,21,58,59,60,61,62,63,64,65,66,67,,,,,,,68,69,70,71,17,18,,,74,,,,75,76,,,77,78,,,,,8,9,10,11,,,79,80,81,82,,,,,,,,,,,,,,,,,,,,,,,,,,,,,,,,,,,,,,,,,,,,,,,,
PIC24FJ128GC006 PIC24FJ64GC006 RPy,,,,,,,,,,,,,,,,,0,1,13,,28,18,6,7,,,,,,,14,29,,,,,,,,,,,,,,,37,,11,24,23,22,25,20,,,2,4,,12,,,,,,,,,,,,,,,,,,,,,,,,16,10,17,,,,,,,,,,,,,,,,,21,26,19,27,,,,,,,,,,,,,,,,,,,,,,,,,,,,,,,,,,,,,,,,,,,,,,,,,,,,,,
PIC24FJ128GC006 PIC24FJ64GC006 ANn,,,,,,,,,,,,,,,,,0,1,2,3,4,5,6,7,,,,,12,13,14,15,,,,,,,,,,,,,,,,,43,35,25,44,47,48,34,20,40,24,41,42,,,,,,,,,,,,,,,,,,,,,,,,30,11,10,,,,,,,,,,,,,,,,,17,18,19,49,,,,,,,,,,,,,,,,,,,,,,,,,,,,,,,,,,,,,,,,,,,,,,,,,,,,,,
PIC24FJ128GC006 PIC24FJ64GC006 CNm,,,,,,,,,,,,,,,,,2,3,4,5,6,7,24,25,,,,,30,31,32,12,,,,,,,,,,,,,23,,,22,49,50,51,52,13,14,15,16,53,54,55,56,,,,,58,59,60,61,62,63,64,65,,,,,,,,,68,69,,71,17,18,,83,,,,,,,,,,,72,73,,,8,9,10,11,,,,,,,,,,,,,,,,,,,,,,,,,,,,,,,,,,,,,,,,,,,,,,,,,,,,,,
PIC24FJ128GC010 PIC24FJ64GC010 RPy,,,,,,,,,,,,,,,36,35,,,,,28,18,6,7,,,,,,,14,29,,38,39,40,41,,,,,,,,,,37,,11,24,23,22,25,20,,,2,4,,12,42,,43,5,,,,,,,,,33,34,,,,,,,,,30,16,,,,,15,,,,32,31,,,,,,,,,,26,19,27,,,,,,,,,,,,,,,,,,,,,,,,,,,,,,,,,,,,,,,,,,,,,,,,,,,,,,
PIC24FJ128GC010 PIC24FJ64GC010 ANn,,26,,,36,37,23,22,,,,,,,38,39,,,,3,4,5,6,7,,,,,12,13,14,15,,8,,9,16,,,,,,,,,,,,43,35,25,44,47,48,34,20,40,24,41,42,45,46,28,29,,,,,,,,,,21,,,,,,,,,31,30,,,,,32,,,,,27,,,,,,,,,,18,19,49,,,,,,33,,,,,,,,,,,,,,,,,,,,,,,,,,,,,,,,,,,,,,,,,,,,,,,,
PIC24FJ128GC010 PIC24FJ64GC010 CNm,33,34,35,36,37,38,39,40,,41,42,,,,43,44,,,4,5,6,7,24,25,,,,,30,31,32,12,,45,46,47,48,,,,,,,,23,,,22,49,50,51,52,13,14,15,16,53,54,55,56,57,19,20,21,58,59,60,61,62,63,64,65,66,67,,,,,,,68,69,70,71,17,18,,83,74,,,,75,76,,,77,78,72,73,,,,9,10,11,,,79,80,81,82,,,,,,,,,,,,,,,,,,,,,,,,,,,,,,,,,,,,,,,,,,,,,,,,
PIC24FJ16GA002 PIC24FJ32GA002 PIC24FJ32GA102 PIC24FJ48GA002 PIC24FJ64GA002 PIC24FJ64GA102 PIC24HJ128GP202 PIC24HJ128GP502 PIC24HJ32GP202 PIC24HJ32GP302 PIC24HJ64GP202 PIC24HJ64GP502 dsPIC33FJ128GP202 dsPIC33FJ128GP802 dsPIC33FJ32GP202 dsPIC33FJ32GP302 dsPIC33FJ64GP202 dsPIC33FJ64GP802 RPy,,,,,,,,,,,,,,,,,0,1,2,3,4,5,6,7,8,9,10,11,12,13,14,15,,,,,,,,,,,,,,,,,,,,,,,,,,,,,,,,,,,,,,,,,,,,,,,,,,,,,,,,,,,,,,,,,,,,,,,,,,,,,,,,,,,,,,,,,,,,,,,,,,,,,,,,,,,,,,,,,,,,,,,,,,,,,,,,
PIC24FJ16GA002 PIC24FJ32GA002 PIC24FJ32GA102 PIC24FJ48GA002 PIC24FJ64GA002 PIC24FJ64GA102 PIC24HJ128GP202 PIC24HJ128GP502 PIC24HJ32GP202 PIC24HJ32GP302 PIC24HJ64GP202 PIC24HJ64GP502 dsPIC33FJ128GP202 dsPIC33FJ128GP802 dsPIC33FJ32GP202 dsPIC33FJ32GP302 dsPIC33FJ64GP202 dsPIC33FJ64GP802 ANn,0,1,,,,,,,,,,,,,,,2,3,4,5,,,,,,,,,12,11,10,9,,,,,,,,,,,,,,,,,,,,,,,,,,,,,,,,,,,,,,,,,,,,,,,,,,,,,,,,,,,,,,,,,,,,,,,,,,,,,,,,,,,,,,,,,,,,,,,,,,,,,,,,,,,,,,,,,,,,,,,,,,,,,,,,
PIC24FJ16GA002 PIC24FJ32GA002 PIC24FJ32GA102 PIC24FJ48GA002 PIC24FJ64GA002 PIC24FJ64GA102 PIC24HJ128GP202 PIC24HJ128GP502 PIC24HJ32GP202 PIC24HJ32GP302 PIC24HJ64GP202 PIC24HJ64GP502 dsPIC33FJ128GP202 dsPIC33FJ128GP802 dsPIC33FJ32GP202 dsPIC33FJ32GP302 dsPIC33FJ64GP202 dsPIC33FJ64GP802 CNm,2,3,30,29,0,,,,,,,,,,,,4,5,6,7,1,27,24,23,22,21,16,15,14,13,12,11,,,,,,,,,,,,,,,,,,,,,,,,,,,,,,,,,,,,,,,,,,,,,,,,,,,,,,,,,,,,,,,,,,,,,,,,,,,,,,,,,,,,,,,,,,,,,,,,,,,,,,,,,,,,,,,,,,,,,,,,,,,,,,,,
PIC24FJ16GA004 PIC24FJ32GA004 PIC24FJ32GA104 PIC24FJ48GA004 PIC24FJ64GA004 PIC24FJ64GA104 PIC24HJ128GP204 PIC24HJ128GP504 PIC24HJ16GP304 PIC24HJ32GP204 PIC24HJ32GP304 PIC24HJ64GP204 PIC24HJ64GP504 dsPIC33FJ128GP204 dsPIC33FJ128GP804 dsPIC33FJ16GP304 dsPIC33FJ32GP204 dsPIC33FJ32GP304 dsPIC33FJ64GP204 dsPIC33FJ64GP804 RPy,,,,,,,,,,,,,,,,,0,1,2,3,4,5,6,7,8,9,10,11,12,13,14,15,16,17,18,19,20,21,22,23,24,25,,,,,,,,,,,,,,,,,,,,,,,,,,,,,,,,,,,,,,,,,,,,,,,,,,,,,,,,,,,,,,,,,,,,,,,,,,,,,,,,,,,,,,,,,,,,,,,,,,,,,,,,,,,,,,,,,,,,,,
PIC24FJ16GA004 PIC24FJ32GA004 PIC24FJ32GA104 PIC24FJ48GA004 PIC24FJ64GA004 PIC24FJ64GA104 PIC24HJ128GP204 PIC24HJ128GP504 PIC24HJ16GP304 PIC24HJ32GP204 PIC24HJ32GP304 PIC24HJ64GP204 PIC24HJ64GP504 dsPIC33FJ128GP204 dsPIC33FJ128GP804 dsPIC33FJ16GP304 dsPIC33FJ32GP204 dsPIC33FJ32GP304 dsPIC33FJ64GP204 dsPIC33FJ64GP804 ANn,0,1,,,,,,,,,,,,,,,2,3,4,5,,,,,,,,,12,11,10,9,6,7,8,,,,,,,,,,,,,,,,,,,,,,,,,,,,,,,,,,,,,,,,,,,,,,,,,,,,,,,,,,,,,,,,,,,,,,,,,,,,,,,,,,,,,,,,,,,,,,,,,,,,,,,,,,,,,,,,,,,,,,,,,,,,,
PIC24FJ16GA004 PIC24FJ32GA004 PIC24FJ32GA104 PIC24FJ48GA004 PIC24FJ64GA004 PIC24FJ64GA104 PIC24HJ128GP204 PIC24HJ128GP504 PIC24HJ16GP304 PIC24HJ32GP204 PIC24HJ32GP304 PIC24HJ64GP204 PIC24HJ64GP504 dsPIC33FJ128GP204 dsPIC33FJ128GP804 dsPIC33FJ16GP304 dsPIC33FJ32GP204 dsPIC33FJ32GP304 dsPIC33FJ64GP204 dsPIC33FJ64GP804 CNm,2,3,30,29,0,,,,,,,,,,,,4,5,6,7,1,27,24,23,22,21,16,15,14,13,12,11,8,9,10,28,25,26,18,17,20,19,,,,,,,,,,,,,,,,,,,,,,,,,,,,,,,,,,,,,,,,,,,,,,,,,,,,,,,,,,,,,,,,,,,,,,,,,,,,,,,,,,,,,,,,,,,,,,,,,,,,,,,,,,,,,,,,,,,,,,
PIC24FJ16MC101 PIC24FJ32MC101 RPy,,,,,,,,,,,,,,,,,0,1,,,4,,,7,8,9,,,12,13,14,15,,,,,,,,,,,,,,,,,,,,,,,,,,,,,,,,,,,,,,,,,,,,,,,,,,,,,,,,,,,,,,,,,,,,,,,,,,,,,,,,,,,,,,,,,,,,,,,,,,,,,,,,,,,,,,,,,,,,,,,,,,,,,,,,
PIC24FJ16MC101 PIC24FJ32MC101 ANn,0,1,,,,,,,,,,,,,,,2,3,,,,,,,,,,,,,,,,,,,,,,,,,,,,,,,,,,,,,,,,,,,,,,,,,,,,,,,,,,,,,,,,,,,,,,,,,,,,,,,,,,,,,,,,,,,,,,,,,,,,,,,,,,,,,,,,,,,,,,,,,,,,,,,,,,,,,,,,,,,,,,
PIC24FJ16MC101 PIC24FJ32MC101 CNm,2,3,30,29,0,,,,,,,,,,,,4,5,,,1,,,23,22,21,,,14,13,12,11,,,,,,,,,,,,,,,,,,,,,,,,,,,,,,,,,,,,,,,,,,,,,,,,,,,,,,,,,,,,,,,,,,,,,,,,,,,,,,,,,,,,,,,,,,,,,,,,,,,,,,,,,,,,,,,,,,,,,,,,,,,,,,,,
PIC24FJ16MC102 PIC24FJ32MC102 RPy,,,,,,,,,,,,,,,,,0,1,2,3,4,5,6,7,8,9,10,11,12,13,14,15,,,,,,,,,,,,,,,,,,,,,,,,,,,,,,,,,,,,,,,,,,,,,,,,,,,,,,,,,,,,,,,,,,,,,,,,,,,,,,,,,,,,,,,,,,,,,,,,,,,,,,,,,,,,,,,,,,,,,,,,,,,,,,,,
PIC24FJ16MC102 PIC24FJ32MC102 ANn,0,1,,,,,,,,,,,,,,,2,3,4,5,,,,,,,,,,,,,,,,,,,,,,,,,,,,,,,,,,,,,,,,,,,,,,,,,,,,,,,,,,,,,,,,,,,,,,,,,,,,,,,,,,,,,,,,,,,,,,,,,,,,,,,,,,,,,,,,,,,,,,,,,,,,,,,,,,,,,,,,,,,,
PIC24FJ16MC102 PIC24FJ32MC102 CNm,2,3,30,29,0,,,,,,,,,,,,4,5,6,7,1,27,24,23,22,21,16,15,14,13,12,11,,,,,,,,,,,,,,,,,,,,,,,,,,,,,,,,,,,,,,,,,,,,,,,,,,,,,,,,,,,,,,,,,,,,,,,,,,,,,,,,,,,,,,,,,,,,,,,,,,,,,,,,,,,,,,,,,,,,,,,,,,,,,,,,
PIC24FJ32GB002 PIC24FJ64GB002 RPy,5,6,,,,,,,,,,,,,,,0,1,2,3,4,,,7,8,9,10,11,,13,14,15,,,,,,,,,,,,,,,,,,,,,,,,,,,,,,,,,,,,,,,,,,,,,,,,,,,,,,,,,,,,,,,,,,,,,,,,,,,,,,,,,,,,,,,,,,,,,,,,,,,,,,,,,,,,,,,,,,,,,,,,,,,,,,,,
PIC24FJ32GB002 PIC24FJ64GB002 ANn,0,1,,,,,,,,,,,,,,,2,3,4,5,,,,,,,,,,11,10,9,,,,,,,,,,,,,,,,,,,,,,,,,,,,,,,,,,,,,,,,,,,,,,,,,,,,,,,,,,,,,,,,,,,,,,,,,,,,,,,,,,,,,,,,,,,,,,,,,,,,,,,,,,,,,,,,,,,,,,,,,,,,,,,,
PIC24FJ32GB002 PIC24FJ64GB002 CNm,2,3,30,29,0,,,,,,,,,,,,4,5,6,7,1,27,,23,22,21,16,15,,13,12,11,,,,,,,,,,,,,,,,,,,,,,,,,,,,,,,,,,,,,,,,,,,,,,,,,,,,,,,,,,,,,,,,,,,,,,,,,,,,,,,,,,,,,,,,,,,,,,,,,,,,,,,,,,,,,,,,,,,,,,,,,,,,,,,,
PIC24FJ32GB004 PIC24FJ64GB004 RPy,5,6,,,,,,,,,,,,,,,0,1,2,3,4,,,7,8,9,10,11,,13,14,15,16,17,18,19,20,21,22,23,24,25,,,,,,,,,,,,,,,,,,,,,,,,,,,,,,,,,,,,,,,,,,,,,,,,,,,,,,,,,,,,,,,,,,,,,,,,,,,,,,,,,,,,,,,,,,,,,,,,,,,,,,,,,,,,,,,,,,,,,,
PIC24FJ32GB004 PIC24FJ64GB004 ANn,0,1,,,,,,,,,,,,,,,2,3,4,5,,,,,,,,,,11,10,9,6,7,8,12,,,,,,,,,,,,,,,,,,,,,,,,,,,,,,,,,,,,,,,,,,,,,,,,,,,,,,,,,,,,,,,,,,,,,,,,,,,,,,,,,,,,,,,,,,,,,,,,,,,,,,,,,,,,,,,,,,,,,,,,,,,,
PIC24FJ32GB004 PIC24FJ64GB004 CNm,2,3,30,29,0,,,,,,,,,,,,4,5,6,7,1,27,,23,22,21,16,15,,13,12,11,8,9,10,28,25,26,18,17,20,19,,,,,,,,,,,,,,,,,,,,,,,,,,,,,,,,,,,,,,,,,,,,,,,,,,,,,,,,,,,,,,,,,,,,,,,,,,,,,,,,,,,,,,,,,,,,,,,,,,,,,,,,,,,,,,,,,,,,,,
PIC24FJ32MC104 RPy,,,,,,,,,,,,,,,,,0,1,2,3,4,5,6,7,8,9,10,11,12,13,14,15,16,17,18,19,20,21,22,23,24,25,,,,,,,,,,,,,,,,,,,,,,,,,,,,,,,,,,,,,,,,,,,,,,,,,,,,,,,,,,,,,,,,,,,,,,,,,,,,,,,,,,,,,,,,,,,,,,,,,,,,,,,,,,,,,,,,,,,,,,
PIC24FJ32MC104 ANn,0,1,,,10,,,,,,,,,,,,2,3,4,5,9,,,,,,,,,,,,6,7,8,11,12,15,,,,,,,,,,,,,,,,,,,,,,,,,,,,,,,,,,,,,,,,,,,,,,,,,,,,,,,,,,,,,,,,,,,,,,,,,,,,,,,,,,,,,,,,,,,,,,,,,,,,,,,,,,,,,,,,,,,,,,,,,,
PIC24FJ32MC104 CNm,2,3,30,29,0,,,,,,,,,,,,4,5,6,7,1,27,24,23,22,21,16,15,14,13,12,11,8,9,10,28,25,26,18,17,20,19,,,,,,,,,,,,,,,,,,,,,,,,,,,,,,,,,,,,,,,,,,,,,,,,,,,,,,,,,,,,,,,,,,,,,,,,,,,,,,,,,,,,,,,,,,,,,,,,,,,,,,,,,,,,,,,,,,,,,,
PIC24FV08KM102 PIC24FV08KM202 PIC24FV16KM102 PIC24FV16KM202 RPy,,,,,,,,,,,,,,,,,,,,,,,,,,,,,,,,,,,,,,,,,,,,,,,,,,,,,,,,,,,,,,,,,,,,,,,,,,,,,,,,,,,,,,,,,,,,,,,,,,,,,,,,,,,,,,,,,,,,,,,,,,,,,,,,,,,,,,,,,,,,,,,,,,,,,,,,,,,,,,,,
PIC24FV08KM102 PIC24FV08KM202 PIC24FV16KM102 PIC24FV16KM202 ANn,,1,,,,,,,,,,,,,,,,,,,,,,19,,,,,12,,,,,,,,,,,,,,,,,,,,,,,,,,,,,,,,,,,,,,,,,,,,,,,,,,,,,,,,,,,,,,,,,,,,,,,,,,,,,,,,,,,,,,,,,,,,,,,,,,,,,,,,,,,,,,,,,,,,,,,,,,,,,,,,,,,
PIC24FV08KM102 PIC24FV08KM202 PIC24FV16KM102 PIC24FV16KM202 CNm,,,,,,,,,,,,,,,,,,,,,,,,23,,,,,14,,,,,,,,,,,,,,,,,,,,,,,,,,,,,,,,,,,,,,,,,,,,,,,,,,,,,,,,,,,,,,,,,,,,,,,,,,,,,,,,,,,,,,,,,,,,,,,,,,,,,,,,,,,,,,,,,,,,,,,,,,,,,,,,,,,
PIC24FV08KM204 PIC24FV16KM104 PIC24FV16KM204 RPy,,,,,,,,,,,,,,,,,,,,,,,,,,,,,,,,,,,,,,,,,,,,,,,,,,,,,,,,,,,,,,,,,,,,,,,,,,,,,,,,,,,,,,,,,,,,,,,,,,,,,,,,,,,,,,,,,,,,,,,,,,,,,,,,,,,,,,,,,,,,,,,,,,,,,,,,,,,,,,,,
PIC24FV08KM204 PIC24FV16KM104 PIC24FV16KM204 ANn,0,,,,,,,,,,,,,,,,,3,,,,,,19,,,,,12,,,,,,,,,,,,,,,,,,,,,,,,,,,,,,,,,,,,,,,,,,,,,,,,,,,,,,,,,,,,,,,,,,,,,,,,,,,,,,,,,,,,,,,,,,,,,,,,,,,,,,,,,,,,,,,,,,,,,,,,,,,,,,,,,,,
PIC24FV08KM204 PIC24FV16KM104 PIC24FV16KM204 CNm,2,,,,,,,,,,,,,,,,,5,,,,,,23,,,,,14,,,,,,,,,,,,,,,,,,,,,,,,,,,,,,,,,,,,,,,,,,,,,,,,,,,,,,,,,,,,,,,,,,,,,,,,,,,,,,,,,,,,,,,,,,,,,,,,,,,,,,,,,,,,,,,,,,,,,,,,,,,,,,,,,,,
PIC24FV16KA301 PIC24FV32KA301 RPy,,,,,,,,,,,,,,,,,,,,,,,,,,,,,,,,,,,,,,,,,,,,,,,,,,,,,,,,,,,,,,,,,,,,,,,,,,,,,,,,,,,,,,,,,,,,,,,,,,,,,,,,,,,,,,,,,,,,,,,,,,,,,,,,,,,,,,,,,,,,,,,,,,,,,,,,,,,,,,,,
PIC24FV16KA301 PIC24FV32KA301 ANn,0,1,13,14,,,,,,,,,,,,,2,3,4,,15,,,,,,,,12,11,10,9,,,,,,,,,,,,,,,,,,,,,,,,,,,,,,,,,,,,,,,,,,,,,,,,,,,,,,,,,,,,,,,,,,,,,,,,,,,,,,,,,,,,,,,,,,,,,,,,,,,,,,,,,,,,,,,,,,,,,,,,,,,,,,,,
PIC24FV16KA301 PIC24FV32KA301 CNm,2,3,30,29,0,,,,,,,,,,,,4,5,6,,1,,,23,22,21,,,14,13,12,11,,,,,,,,,,,,,,,,,,,,,,,,,,,,,,,,,,,,,,,,,,,,,,,,,,,,,,,,,,,,,,,,,,,,,,,,,,,,,,,,,,,,,,,,,,,,,,,,,,,,,,,,,,,,,,,,,,,,,,,,,,,,,,,,
PIC24FV16KA302 PIC24FV32KA302 RPy,,,,,,,,,,,,,,,,,,,,,,,,,,,,,,,,,,,,,,,,,,,,,,,,,,,,,,,,,,,,,,,,,,,,,,,,,,,,,,,,,,,,,,,,,,,,,,,,,,,,,,,,,,,,,,,,,,,,,,,,,,,,,,,,,,,,,,,,,,,,,,,,,,,,,,,,,,,,,,,,
PIC24FV16KA302 PIC24FV32KA302 ANn,0,1,13,14,,,,,,,,,,,,,2,3,4,5,15,,,,,,,,12,11,10,9,,,,,,,,,,,,,,,,,,,,,,,,,,,,,,,,,,,,,,,,,,,,,,,,,,,,,,,,,,,,,,,,,,,,,,,,,,,,,,,,,,,,,,,,,,,,,,,,,,,,,,,,,,,,,,,,,,,,,,,,,,,,,,,,
PIC24FV16KA302 PIC24FV32KA302 CNm,2,3,30,29,0,,,9,,,,,,,,,4,5,6,7,1,27,24,23,22,21,16,15,14,13,12,11,,,,,,,,,,,,,,,,,,,,,,,,,,,,,,,,,,,,,,,,,,,,,,,,,,,,,,,,,,,,,,,,,,,,,,,,,,,,,,,,,,,,,,,,,,,,,,,,,,,,,,,,,,,,,,,,,,,,,,,,,,,,,,,,
PIC24FV16KA304 PIC24FV32KA304 RPy,,,,,,,,,,,,,,,,,,,,,,,,,,,,,,,,,,,,,,,,,,,,,,,,,,,,,,,,,,,,,,,,,,,,,,,,,,,,,,,,,,,,,,,,,,,,,,,,,,,,,,,,,,,,,,,,,,,,,,,,,,,,,,,,,,,,,,,,,,,,,,,,,,,,,,,,,,,,,,,,
PIC24FV16KA304 PIC24FV32KA304 ANn,0,1,13,14,,,,,,,,,,,,,2,3,4,5,15,,,,,,,,12,11,10,9,6,7,8,,,,,,,,,,,,,,,,,,,,,,,,,,,,,,,,,,,,,,,,,,,,,,,,,,,,,,,,,,,,,,,,,,,,,,,,,,,,,,,,,,,,,,,,,,,,,,,,,,,,,,,,,,,,,,,,,,,,,,,,,,,,,
PIC24FV16KA304 PIC24FV32KA304 CNm,2,3,30,29,0,,,9,33,34,35,36,,,,,4,5,6,7,1,27,24,23,22,21,16,15,14,13,12,11,32,31,10,28,25,26,18,17,20,19,,,,,,,,,,,,,,,,,,,,,,,,,,,,,,,,,,,,,,,,,,,,,,,,,,,,,,,,,,,,,,,,,,,,,,,,,,,,,,,,,,,,,,,,,,,,,,,,,,,,,,,,,,,,,,,,,,,,,,
PIC24FV16KMX02 RPy,,,,,,,,,,,,,,,,,,,,,,,,,,,,,,,,,,,,,,,,,,,,,,,,,,,,,,,,,,,,,,,,,,,,,,,,,,,,,,,,,,,,,,,,,,,,,,,,,,,,,,,,,,,,,,,,,,,,,,,,,,,,,,,,,,,,,,,,,,,,,,,,,,,,,,,,,,,,,,,,
PIC24FV16KMX02 ANn,0,1,,,,,,,,,,,,,,,,,,,,,,19,,,,,12,,,,,,,,,,,,,,,,,,,,,,,,,,,,,,,,,,,,,,,,,,,,,,,,,,,,,,,,,,,,,,,,,,,,,,,,,,,,,,,,,,,,,,,,,,,,,,,,,,,,,,,,,,,,,,,,,,,,,,,,,,,,,,,,,,,
PIC24FV16KMX02 CNm,2,3,,,,,,,,,,,,,,,,,,,,,,23,,,,,14,,,,,,,,,,,,,,,,,,,,,,,,,,,,,,,,,,,,,,,,,,,,,,,,,,,,,,,,,,,,,,,,,,,,,,,,,,,,,,,,,,,,,,,,,,,,,,,,,,,,,,,,,,,,,,,,,,,,,,,,,,,,,,,,,,,
PIC24FVKM08KM101 RPy,,,,,,,,,,,,,,,,,,,,,,,,,,,,,,,,,,,,,,,,,,,,,,,,,,,,,,,,,,,,,,,,,,,,,,,,,,,,,,,,,,,,,,,,,,,,,,,,,,,,,,,,,,,,,,,,,,,,,,,,,,,,,,,,,,,,,,,,,,,,,,,,,,,,,,,,,,,,,,,,
PIC24FVKM08KM101 ANn,,,,,,,,,,,,,,,,,,,,,,,,19,,,,,12,,,,,,,,,,,,,,,,,,,,,,,,,,,,,,,,,,,,,,,,,,,,,,,,,,,,,,,,,,,,,,,,,,,,,,,,,,,,,,,,,,,,,,,,,,,,,,,,,,,,,,,,,,,,,,,,,,,,,,,,,,,,,,,,,,,
PIC24FVKM08KM101 CNm,,,,,,,,,,,,,,,,,,,,,,,,23,,,,,14,,,,,,,,,,,,,,,,,,,,,,,,,,,,,,,,,,,,,,,,,,,,,,,,,,,,,,,,,,,,,,,,,,,,,,,,,,,,,,,,,,,,,,,,,,,,,,,,,,,,,,,,,,,,,,,,,,,,,,,,,,,,,,,,,,,
PIC24HJ128GP206 PIC24HJ128GP306 PIC24HJ128GP506 PIC24HJ256GP206 PIC24HJ64GP206 PIC24HJ64GP506 RPy,,,,,,,,,,,,,,,,,,,,,,,,,,,,,,,,,,,,,,,,,,,,,,,,,,,,,,,,,,,,,,,,,,,,,,,,,,,,,,,,,,,,,,,,,,,,,,,,,,,,,,,,,,,,,,,,,,,,,,,,,,,,,,,,,,,,,,,,,,,,,,,,,,,,,,,,,,,,,,,,
PIC24HJ128GP206 PIC24HJ128GP306 PIC24HJ128GP506 PIC24HJ256GP206 PIC24HJ64GP206 PIC24HJ64GP506 ANn,,,,,,,,,,,,,,,,,0,1,2,3,4,5,6,7,8,9,10,11,12,13,14,15,,16,17,,,,,,,,,,,,,,,,,,,,,,,,,,,,,,,,,,,,,,,,,,,,,,,,,,,,,,,,,,,,,,,,,,,,,,,,,,,,,,,,,,,,,,,,,,,,,,,,,,,,,,,,,,,,,,,,,,,,,,,,,,,,,
PIC24HJ128GP206 PIC24HJ128GP306 PIC24HJ128GP506 PIC24HJ256GP206 PIC24HJ64GP206 PIC24HJ64GP506 CNm,,,,,,,,,,,,,,,,,2,3,4,5,6,7,,,,,,,,,,12,,,,,,,,,,,,,,1,0,,,,,,13,14,15,16,,,,,,,,,,,,,,,,,,,,,,,,,,,,,17,18,,,,,,,,,,,,,,,,,8,9,10,11,,,,,,,,,,,,,,,,,,,,,,,,,,,,,,,,,,,,,,,,,,,,,,,,,,,,,,
PIC24HJ128GP210 PIC24HJ128GP310 PIC24HJ128GP510 PIC24HJ256GP210 PIC24HJ256GP610 PIC24HJ64GP210 PIC24HJ64GP510 RPy,,,,,,,,,,,,,,,,,,,,,,,,,,,,,,,,,,,,,,,,,,,,,,,,,,,,,,,,,,,,,,,,,,,,,,,,,,,,,,,,,,,,,,,,,,,,,,,,,,,,,,,,,,,,,,,,,,,,,,,,,,,,,,,,,,,,,,,,,,,,,,,,,,,,,,,,,,,,,,,,
PIC24HJ128GP210 PIC24HJ128GP310 PIC24HJ128GP510 PIC24HJ256GP210 PIC24HJ256GP610 PIC24HJ64GP210 PIC24HJ64GP510 ANn,,,,,,,22,23,,,,,20,21,,,0,1,2,3,4,5,6,7,8,9,10,11,12,13,14,15,,16,17,18,19,,,,,,,,,,,,,,,,,,,,,,,,,,,,24,25,26,27,28,29,30,31,,,,,,,,,,,,,,,,,,,,,,,,,,,,,,,,,,,,,,,,,,,,,,,,,,,,,,,,,,,,,,,,,,,,,,,,,,,,,,,,,,,,,,,,
PIC24HJ128GP210 PIC24HJ128GP310 PIC24HJ128GP510 PIC24HJ256GP210 PIC24HJ256GP610 PIC24HJ64GP210 PIC24HJ64GP510 CNm,,,,,,,22,23,,,,,,,,,2,3,4,5,6,7,,,,,,,,,,12,,,,,,,,,,,,,,1,0,,,,,,13,14,15,16,,,,,,19,20,21,,,,,,,,,,,,,,,,,,,,,17,18,,,,,,,,,,,,,,,,,8,9,10,11,,,,,,,,,,,,,,,,,,,,,,,,,,,,,,,,,,,,,,,,,,,,,,,,,,,,,,
PIC24HJ12GP201 RPy,,,,,,,,,,,,,,,,,0,1,,,4,,,7,8,9,,,,,14,15,,,,,,,,,,,,,,,,,,,,,,,,,,,,,,,,,,,,,,,,,,,,,,,,,,,,,,,,,,,,,,,,,,,,,,,,,,,,,,,,,,,,,,,,,,,,,,,,,,,,,,,,,,,,,,,,,,,,,,,,,,,,,,,,
PIC24HJ12GP201 ANn,0,1,,,,,,,,,,,,,,,2,3,,,,,,,,,,,,,7,6,,,,,,,,,,,,,,,,,,,,,,,,,,,,,,,,,,,,,,,,,,,,,,,,,,,,,,,,,,,,,,,,,,,,,,,,,,,,,,,,,,,,,,,,,,,,,,,,,,,,,,,,,,,,,,,,,,,,,,,,,,,,,,,,
PIC24HJ12GP201 CNm,2,3,30,29,0,,,,,,,,,,,,4,5,,,1,,,23,22,21,,,,,12,11,,,,,,,,,,,,,,,,,,,,,,,,,,,,,,,,,,,,,,,,,,,,,,,,,,,,,,,,,,,,,,,,,,,,,,,,,,,,,,,,,,,,,,,,,,,,,,,,,,,,,,,,,,,,,,,,,,,,,,,,,,,,,,,,
PIC24HJ12GP202 RPy,,,,,,,,,,,,,,,,,0,1,2,3,4,5,6,7,8,9,10,11,12,13,14,15,,,,,,,,,,,,,,,,,,,,,,,,,,,,,,,,,,,,,,,,,,,,,,,,,,,,,,,,,,,,,,,,,,,,,,,,,,,,,,,,,,,,,,,,,,,,,,,,,,,,,,,,,,,,,,,,,,,,,,,,,,,,,,,,
PIC24HJ12GP202 ANn,0,1,,,,,,,,,,,,,,,2,3,4,5,,,,,,,,,9,8,7,6,,,,,,,,,,,,,,,,,,,,,,,,,,,,,,,,,,,,,,,,,,,,,,,,,,,,,,,,,,,,,,,,,,,,,,,,,,,,,,,,,,,,,,,,,,,,,,,,,,,,,,,,,,,,,,,,,,,,,,,,,,,,,,,,
PIC24HJ12GP202 CNm,2,3,30,29,0,,,,,,,,,,,,4,5,6,7,1,27,24,23,22,21,16,15,14,13,12,11,,,,,,,,,,,,,,,,,,,,,,,,,,,,,,,,,,,,,,,,,,,,,,,,,,,,,,,,,,,,,,,,,,,,,,,,,,,,,,,,,,,,,,,,,,,,,,,,,,,,,,,,,,,,,,,,,,,,,,,,,,,,,,,,
dsPIC33EP256MU806 RPy,,,,,,,,,,,,,,,,,32,33,34,35,36,37,38,39,40,41,42,43,44,45,46,47,,,,,,,,,,,,,60,61,62,,64,65,66,67,68,69,70,71,72,73,74,75,,,,,80,81,82,83,84,85,86,87,,,,,,,,,96,97,,99,100,101,,,,,,,,,,,,,,,,,118,119,120,121,,,,,,,,,,,,,,,,,,,,,,,,,,,,,,,,,,,,,,,,,,,,,,,,,,,,,,
dsPIC33EP256MU806 ANn,,,,,,,,,,,,,,,,,0,1,2,3,4,5,6,7,8,9,10,11,12,13,14,15,,,,,,,,,,,,,,,,,,,,,,,,,,,,,,,,,24,25,26,27,28,29,30,31,,,,,,,,,,,,,,,,,,,,,,,,,,,,,,,,,,,,,,,,,,,,,,,,,,,,,,,,,,,,,,,,,,,,,,,,,,,,,,,,,,,,,,,,
dsPIC33EP256MU806 CNm,,,,,,,,,,,,,,,,,,,,,,,,,,,,,,,,,,,,,,,,,,,,,,,,,,,,,,,,,,,,,,,,,,,,,,,,,,,,,,,,,,,,,,,,,,,,,,,,,,,,,,,,,,,,,,,,,,,,,,,,,,,,,,,,,,,,,,,,,,,,,,,,,,,,,,,,,,,,,,,,
PIC24FJ256GA702 RPy,26,27,,,,,,,,,,,,,,,0,1,2,3,4,5,6,7,8,9,10,11,12,13,14,15,,,,,,,,,,,,,,,,,,,,,,,,,,,,,,,,,,,,,,,,,,,,,,,,,,,,,,,,,,,,,,,,,,,,,,,,,,,,,,,,,,,,,,,,,,,,,,,,,,,,,,,,,,,,,,,,,,,,,,,,,,,,,,,,
PIC24FJ256GA702 ANn,0,1,,,,,,,,,,,,,,,2,1,4,5,,,,,,,,,8,7,6,9,,,,,,,,,,,,,,,,,,,,,,,,,,,,,,,,,,,,,,,,,,,,,,,,,,,,,,,,,,,,,,,,,,,,,,,,,,,,,,,,,,,,,,,,,,,,,,,,,,,,,,,,,,,,,,,,,,,,,,,,,,,,,,,,
PIC24FJ256GA702 CNm,,,,,,,,,,,,,,,,,,,,,,,,,,,,,,,,,,,,,,,,,,,,,,,,,,,,,,,,,,,,,,,,,,,,,,,,,,,,,,,,,,,,,,,,,,,,,,,,,,,,,,,,,,,,,,,,,,,,,,,,,,,,,,,,,,,,,,,,,,,,,,,,,,,,,,,,,,,,,,,,
PIC24FJ256GA702 RPy,26,27,,,,,,,,,,,,,,,0,1,2,3,4,5,6,7,8,9,10,11,12,13,14,15,,,,,,,,,,,,,,,,,,,,,,,,,,,,,,,,,,,,,,,,,,,,,,,,,,,,,,,,,,,,,,,,,,,,,,,,,,,,,,,,,,,,,,,,,,,,,,,,,,,,,,,,,,,,,,,,,,,,,,,,,,,,,,,,
PIC24FJ256GA702 ANn,0,1,,,,,,,,,,,,,,,2,1,4,5,,,,,,,,,8,7,6,9,,,,,,,,,,,,,,,,,,,,,,,,,,,,,,,,,,,,,,,,,,,,,,,,,,,,,,,,,,,,,,,,,,,,,,,,,,,,,,,,,,,,,,,,,,,,,,,,,,,,,,,,,,,,,,,,,,,,,,,,,,,,,,,,
PIC24FJ256GA702 CNm,,,,,,,,,,,,,,,,,,,,,,,,,,,,,,,,,,,,,,,,,,,,,,,,,,,,,,,,,,,,,,,,,,,,,,,,,,,,,,,,,,,,,,,,,,,,,,,,,,,,,,,,,,,,,,,,,,,,,,,,,,,,,,,,,,,,,,,,,,,,,,,,,,,,,,,,,,,,,,,,
PIC24FJ256GA704 RPy,26,27,,,,,,,,,28,,,,,,0,1,2,3,4,5,6,7,8,9,10,11,12,13,14,15,16,17,18,19,20,21,22,23,24,25,,,,,,,,,,,,,,,,,,,,,,,,,,,,,,,,,,,,,,,,,,,,,,,,,,,,,,,,,,,,,,,,,,,,,,,,,,,,,,,,,,,,,,,,,,,,,,,,,,,,,,,,,,,,,,,,,,,,,,
PIC24FJ256GA704 ANn,0,1,,,,,,,,,,,,,,,2,1,4,5,,,,,,,,,8,7,6,9,10,11,12,13,,,,,,,,,,,,,,,,,,,,,,,,,,,,,,,,,,,,,,,,,,,,,,,,,,,,,,,,,,,,,,,,,,,,,,,,,,,,,,,,,,,,,,,,,,,,,,,,,,,,,,,,,,,,,,,,,,,,,,,,,,,,
PIC24FJ256GA704 CNm,,,,,,,,,,,,,,,,,,,,,,,,,,,,,,,,,,,,,,,,,,,,,,,,,,,,,,,,,,,,,,,,,,,,,,,,,,,,,,,,,,,,,,,,,,,,,,,,,,,,,,,,,,,,,,,,,,,,,,,,,,,,,,,,,,,,,,,,,,,,,,,,,,,,,,,,,,,,,,,,
PIC24FJ256GA705 RPy,26,27,,,,,,,,,28,29,30,31,32,,0,1,2,3,4,5,6,7,8,9,10,11,12,13,14,15,16,17,18,19,20,21,22,23,24,25,,,,,,,,,,,,,,,,,,,,,,,,,,,,,,,,,,,,,,,,,,,,,,,,,,,,,,,,,,,,,,,,,,,,,,,,,,,,,,,,,,,,,,,,,,,,,,,,,,,,,,,,,,,,,,,,,,,,,,
PIC24FJ256GA705 ANn,0,1,,,,,,,,,,,,,,,2,1,4,5,,,,,,,,,8,7,6,9,10,11,12,13,,,,,,,,,,,,,,,,,,,,,,,,,,,,,,,,,,,,,,,,,,,,,,,,,,,,,,,,,,,,,,,,,,,,,,,,,,,,,,,,,,,,,,,,,,,,,,,,,,,,,,,,,,,,,,,,,,,,,,,,,,,,
PIC24FJ256GA705 CNm,,,,,,,,,,,,,,,,,,,,,,,,,,,,,,,,,,,,,,,,,,,,,,,,,,,,,,,,,,,,,,,,,,,,,,,,,,,,,,,,,,,,,,,,,,,,,,,,,,,,,,,,,,,,,,,,,,,,,,,,,,,,,,,,,,,,,,,,,,,,,,,,,,,,,,,,,,,,,,,,
PIC24FJ256GA705 RPy,26,27,,,,,,,,,28,29,30,31,32,,0,1,2,3,4,5,6,7,8,9,10,11,12,13,14,15,16,17,18,19,20,21,22,23,24,25,,,,,,,,,,,,,,,,,,,,,,,,,,,,,,,,,,,,,,,,,,,,,,,,,,,,,,,,,,,,,,,,,,,,,,,,,,,,,,,,,,,,,,,,,,,,,,,,,,,,,,,,,,,,,,,,,,,,,,
PIC24FJ256GA705 ANn,0,1,,,,,,,,,,,,,,,2,1,4,5,,,,,,,,,8,7,6,9,10,11,12,13,,,,,,,,,,,,,,,,,,,,,,,,,,,,,,,,,,,,,,,,,,,,,,,,,,,,,,,,,,,,,,,,,,,,,,,,,,,,,,,,,,,,,,,,,,,,,,,,,,,,,,,,,,,,,,,,,,,,,,,,,,,,
PIC24FJ256GA705 CNm,,,,,,,,,,,,,,,,,,,,,,,,,,,,,,,,,,,,,,,,,,,,,,,,,,,,,,,,,,,,,,,,,,,,,,,,,,,,,,,,,,,,,,,,,,,,,,,,,,,,,,,,,,,,,,,,,,,,,,,,,,,,,,,,,,,,,,,,,,,,,,,,,,,,,,,,,,,,,,,,
PIC24FJ128GB202 RPy,5,6,,,,,,,,,,,,,,,0,1,2,3,4,,6,7,8,9,10,11,,13,14,15,,,,,,,,,,,,,,,,,,,,,,,,,,,,,,,,,,,,,,,,,,,,,,,,,,,,,,,,,,,,,,,,,,,,,,,,,,,,,,,,,,,,,,,,,,,,,,,,,,,,,,,,,,,,,,,,,,,,,,,,,,,,,,,,
PIC24FJ128GB202 ANn,0,1,,,,,,,,,,,,,,,2,3,4,5,,,,,,,,,,7,6,9,,,,,,,,,,,,,,,,,,,,,,,,,,,,,,,,,,,,,,,,,,,,,,,,,,,,,,,,,,,,,,,,,,,,,,,,,,,,,,,,,,,,,,,,,,,,,,,,,,,,,,,,,,,,,,,,,,,,,,,,,,,,,,,,
PIC24FJ128GB202 CNm,2,3,30,29,0,,,,,,,,,,,,4,5,6,7,1,27,24,23,22,21,16,15,,13,12,11,,,,,,,,,,,,,,,,,,,,,,,,,,,,,,,,,,,,,,,,,,,,,,,,,,,,,,,,,,,,,,,,,,,,,,,,,,,,,,,,,,,,,,,,,,,,,,,,,,,,,,,,,,,,,,,,,,,,,,,,,,,,,,,,
PIC24FJ64GB202 RPy,5,6,,,,,,,,,,,,,,,0,1,2,3,4,,6,7,8,9,10,11,,13,14,15,,,,,,,,,,,,,,,,,,,,,,,,,,,,,,,,,,,,,,,,,,,,,,,,,,,,,,,,,,,,,,,,,,,,,,,,,,,,,,,,,,,,,,,,,,,,,,,,,,,,,,,,,,,,,,,,,,,,,,,,,,,,,,,,
PIC24FJ64GB202 ANn,0,1,,,,,,,,,,,,,,,2,3,4,5,,,,,,,,,,7,6,9,,,,,,,,,,,,,,,,,,,,,,,,,,,,,,,,,,,,,,,,,,,,,,,,,,,,,,,,,,,,,,,,,,,,,,,,,,,,,,,,,,,,,,,,,,,,,,,,,,,,,,,,,,,,,,,,,,,,,,,,,,,,,,,,
PIC24FJ64GB202 CNm,2,3,30,29,0,,,,,,,,,,,,4,5,6,7,1,27,24,23,22,21,16,15,,13,12,11,,,,,,,,,,,,,,,,,,,,,,,,,,,,,,,,,,,,,,,,,,,,,,,,,,,,,,,,,,,,,,,,,,,,,,,,,,,,,,,,,,,,,,,,,,,,,,,,,,,,,,,,,,,,,,,,,,,,,,,,,,,,,,,,
PIC24FJ128GB204 PIC24FJ64GB204 RPy,5,6,,,,,,,,,,,,,,,0,1,2,3,4,,,7,8,9,10,11,,13,14,15,16,17,18,19,20,21,22,23,24,25,,,,,,,,,,,,,,,,,,,,,,,,,,,,,,,,,,,,,,,,,,,,,,,,,,,,,,,,,,,,,,,,,,,,,,,,,,,,,,,,,,,,,,,,,,,,,,,,,,,,,,,,,,,,,,,,,,,,,,
PIC24FJ128GB204 PIC24FJ64GB204 ANn,0,1,,,,,,,,,,,,,,,2,3,4,5,,,,,,,,,,7,6,9,10,11,12,,,,,,,,,,,,,,,,,,,,,,,,,,,,,,,,,,,,,,,,,,,,,,,,,,,,,,,,,,,,,,,,,,,,,,,,,,,,,,,,,,,,,,,,,,,,,,,,,,,,,,,,,,,,,,,,,,,,,,,,,,,,,
PIC24FJ128GB204 PIC24FJ64GB204 CNm,2,3,30,29,0,,,33,34,35,36,,,,,,4,5,6,7,1,27,24,23,22,21,16,15,,13,12,11,8,9,10,28,25,26,18,17,20,19,,,,,,,,,,,,,,,,,,,,,,,,,,,,,,,,,,,,,,,,,,,,,,,,,,,,,,,,,,,,,,,,,,,,,,,,,,,,,,,,,,,,,,,,,,,,,,,,,,,,,,,,,,,,,,,,,,,,,,
